cohort	membership	module	contrast	true_delta_mean	n_random_modules	random_delta_min	random_delta_q025	random_delta_q25	random_delta_median	random_delta_q75	random_delta_q975	random_delta_max	random_abs_delta_q95	exact_bin_match_fraction	relaxed_mean_prevalence_match_fraction	global_fallback_fraction
LoombaR_2017	conservative	overall_fermentation	F3_F4_minus_F0_F2	-0.3315880825525026	5000	-0.500234457880568	-0.4347320046790702	-0.23322288845417982	-0.1789102142711374	-0.12068214803131827	0.10023391014254097	0.16920161965615854	0.401200914360594	0.8	0.2	0.0
LoombaR_2017	expanded	overall_fermentation	F3_F4_minus_F0_F2	-0.19674520824622377	5000	-0.342073254291825	-0.3027390669677774	-0.15764288650577463	-0.11278079811459474	-0.06255086481943173	0.13571717515334766	0.17934462901245496	0.28309564072273397	0.8333333333333334	0.16666666666666666	0.0
