cohort	membership	module	contrast	true_delta_mean	n_random_modules	random_delta_min	random_delta_q025	random_delta_q25	random_delta_median	random_delta_q75	random_delta_q975	random_delta_max	random_abs_delta_q95	exact_bin_match_fraction	relaxed_mean_prevalence_match_fraction	global_fallback_fraction
QinN_2014	conservative	overall_fermentation	cirrhosis_minus_healthy	-0.029581095075310593	5000	-0.021570299053911945	0.05987589359236917	0.1780814640443471	0.23489424087846	0.3278478154680349	0.5367642864094	0.5918146854481554	0.5168405772737107	1.0	0.0	0.0
QinN_2014	expanded	overall_fermentation	cirrhosis_minus_healthy	0.07280146334081472	5000	-0.008328041554317878	0.09029189357928402	0.2150140112836696	0.29367824951887167	0.3713697449215927	0.5632082301616549	0.6675180765394337	0.5316097126320826	1.0	0.0	0.0
